customer_unique_id,recency_days,frequency_total,monetary_value,R_Score,F_Score,M_Score
ff4159b92c40ebe40454e3e6a7c35ed6,462,1,6726.66,5,5,1
bbeb907759ef5fc169099af3c88d535d,124,1,3209.72,2,2,1
1b76903617af13189607a36b0469f6f3,99,1,3195.73,1,1,1
6172bd5b7f52ade8c6c4548b448ff54f,419,1,3041.73,5,5,1
25bedfc6317ec4a379ef49b9c1049733,123,1,2818.74,2,2,1
12ebfdb41392890f9d7a8de957274741,102,1,2153.35,2,2,1
8ac03172dc8e36a4c5e0b694ef3235aa,97,1,1828.41,1,1,1
079ad4f138ec38e726e7d9ac51ae1410,177,1,1680.25,2,2,1
28e7419981c810e071e0f6b061129fbc,163,1,1672.06,2,2,1
7e251bdcd9072568271fe5b5b824b6be,360,1,1524.24,4,4,1
fad1bbf902fbdf64f92f33d010ab8cb7,42,1,1500.19,1,1,1
76cef8c0830232a6298b50d60153fb6c,299,1,1485.31,4,4,1
7efc49d7862ee114c0ca869b439bf381,298,1,1479.51,4,4,1
4897f0607bb084b7a12f7afeaaf30c08,127,1,1427.58,2,2,1
be2f2a80a6cfb6001c403b7a01c87db6,430,1,1304.02,5,5,1
9d12af31b368c64151ba9f2177d4ea2f,182,1,1222.15,3,3,1
3e45a109987cde39a119cd1a7eade7ea,365,1,1220.00,4,4,1
91dd3e913cf5d632ce605a3689a5126a,27,1,1134.44,1,1,1
a7f2edcd60f0eeb573b439042bcad226,444,1,1120.37,5,5,1
6d107617e509701446292309521f1c22,269,1,1078.43,3,3,1
b48f1f3c7b8375b6d250545025c4f7e9,163,1,1014.61,2,2,1
74182c655b0270d9dde23ca43bb16a2e,350,1,998.49,4,4,1
fe76e0d2ff56927716b573babe7f1d98,231,1,997.37,3,3,1
004df63539fd5e38d4b0a0506de7549c,44,1,993.55,1,1,1
fbb92e8f9ab09c4308326e54402326ed,146,1,984.68,2,2,1
3bfe173fcbb50f640877b08ed736fd6e,42,1,969.01,1,1,1
0341bbd5c969923a0f801b9e2d10a7b8,93,1,924.12,1,1,1
41678bd77f241a2270d0a5d905b22020,56,1,923.97,1,1,1
37ec72cc9079a6522951b4a0dcfeb219,227,1,923.83,3,3,1
670985cbdebdcec66895cb9945fc3de1,147,1,905.85,2,2,1
3a86e521e0c622a87ffbcba420ce8d18,210,1,866.34,3,3,1
c2a88d9551b1cdb6ed5f3177e8c71523,48,1,862.39,1,1,1
26508b7c8910ff77b6f8f7ba21fdda26,48,1,844.82,1,1,1
20917cee243e32974933fca49feb2829,175,1,842.31,2,2,1
ba179ad4ba8c3916137aaad465eaa079,102,1,838.32,2,2,1
6c69905245a109e523848de29386e0ff,278,1,835.55,4,4,1
efd877ae53d38706d4019f46bd72579a,210,1,797.66,3,3,1
169a96b0cee3f0ff7d95d697f10d5414,9,1,792.17,1,1,1
33d5f77e44abcb42cdfc86854e5fce8c,478,1,783.12,5,5,1
4f5a469269f056e90e63ca3876725dbd,566,1,780.68,5,5,1
f62f269f9ce7c41d20a90f70df873f42,105,1,780.16,2,2,1
292f894d036eb8f6a61fcaf316808e02,281,1,772.40,4,4,1
4a8c8f751984985cd49f74249da95aae,129,1,772.08,2,2,1
3c5cc98c5d66e9df468a1149cea5db2f,113,1,764.52,2,2,1
beac2ee5c2c9cc2f3a1c16c50ab73fda,135,1,764.12,2,2,1
0aadc1d26d1c8b88a52c39a533ccea93,274,1,757.68,4,4,1
47819e2fe2feece1eaa798f2c2398221,586,1,751.05,5,5,1
a06f282cff6736dc56e658231c1262a8,566,1,742.88,5,5,1
537568b43e7ec5203b504b97808593b4,562,1,738.65,5,5,1
0804b7c052be7ad1e35eb32f8b92c5cf,202,1,738.57,3,3,1
91bf75e59fcf67ee0dcf6c76f80948fa,276,1,732.68,4,4,1
f00dcc95289fc9d9a4938889748b94fe,422,1,722.05,5,5,1
4fa99df9aa1395567e37079b9c47f7ac,187,1,710.48,3,3,1
7a5531cd96b9def6bd36bc530f317381,266,1,708.95,3,3,1
119d9879574377e31c5d0249e3317135,309,1,706.84,4,4,1
4577881f7a6c10d8eb6bd7f7a82ffa86,41,1,705.00,1,1,1
9fec5bf436533b92a3f6e2c8d974ab5f,419,1,703.60,5,5,1
9160831db912b9fb5f89d075588d68a7,100,1,696.15,2,2,1
c34829c1ffe2887992efcf51e4e02b31,352,1,695.61,4,4,1
a5383a6d51465659e9153a2a6045e3b1,421,1,686.10,5,5,1
60e25dc38171becdb0abd13aac4ece3f,468,1,683.97,5,5,1
c9d1abc0b230150138b5716c0f5720db,120,1,682.14,2,2,1
cde21887e86a254eab4799aec212b7b7,295,1,675.01,4,4,1
7bd511dd409b8df39a6b4a5c029cc973,358,1,673.47,4,4,1
88ed5da9b610ed59feb01e4eed5e4c2c,383,1,670.92,5,5,1
5ade76c1b8598f4752607e46984950d5,391,1,669.42,5,5,1
83ff4d3fae541d685ea8687e934c43ec,489,1,658.60,5,5,1
da65d809b169852c1817a1939e4839a2,301,1,654.15,4,4,1
71fc6a8faee5a414d80feac6ea0e7976,21,1,650.13,1,1,1
7e62c36d2d39693fe8d85490a22a9280,472,1,647.40,5,5,1
19af9b225f66ff34c9759c845af428a3,265,1,639.98,3,3,1
8d11f32a56d967b7e09d3a5ed6cf9991,570,1,637.81,5,5,1
e123bd1899e6fa1c480d742dabb56ba3,27,1,636.18,1,1,1
0209f290b5451d357308bc0e90521026,38,1,631.91,1,1,1
5c25cb465fc02f56db6b7bd765ceed13,136,1,629.63,2,2,1
61187e65b3917713604f3debd31fc0fb,127,1,629.27,2,2,1
24a438c52577c3c30ba86532b4166ff8,8,1,629.17,1,1,1
8b1f294d23244901dae99e29bca2ebc1,109,1,626.68,2,2,1
f91a0235d18984973f88cdf07a23330c,464,1,626.48,5,5,1
deb341a4b63b6c908a512849319cf207,537,1,624.24,5,5,1
48f8c279f6e0dd1931c8cb6d572cc99b,294,1,620.44,4,4,1
70f0622ab3555dc6e637a48684e331e3,246,1,619.34,3,3,1
2e9cdecaa137e8ba2084bbde28c85105,274,1,619.34,4,4,1
618c92fdec3da9b656706b14ff162913,68,1,618.54,1,1,1
4910006053f92928b62910d568d4ad1e,689,1,613.78,5,5,1
e1407f4d2fd92ed069307bb0b836615a,169,1,609.99,2,2,1
169381f51e4c3e926ef199364aeced22,578,1,609.90,5,5,1
6ca566e77a13d0eb5d55c336b17f10fb,362,1,608.87,4,4,1
97b9d176749a7d6c492127e87c5fab0d,66,1,608.20,1,1,1
82380b485ec5234cdd668f5531791200,163,1,606.57,2,2,1
341b6946aa6278284d3986112c43def4,105,1,606.46,2,2,1
1246ea8e009d8976b96418145027d951,561,1,603.56,5,5,1
3dff7e5a3d6bc5efe2620d9117080564,176,1,602.69,2,2,1
fc8dc6d77c65df005e0e44bd7e1f5d36,173,1,598.95,2,2,1
ce78d36a92c8c804a0598c086f5dbb54,217,1,594.55,3,3,1
d4f4e1a338c7abd6b74e631887442994,32,1,592.88,1,1,1
2d6f0bccd75dcbf570a1afe61eeb03a1,348,1,590.37,4,4,1
72c303776f85c5a1d7481489c6744c5c,166,1,586.43,2,2,1
624923d10b950e6ba1e98731d5d157c3,398,1,584.84,5,5,1
06f1d66196374b588fbf7cbc2793874d,209,1,573.18,3,3,1
c8c87008ea073e6d84cb347b64d1841a,34,1,566.41,1,1,1
1e6d2ab66fdc23fe97ac091057970b6d,414,1,566.00,5,5,1
af99d660de8f775bfb5aa3775adbc364,181,1,562.24,3,3,1
e90dc9258e140b61728e3745eacb26fe,22,1,561.53,1,1,1
80eefdb25d6a9d9bdb97dc6fcf73cfd4,330,1,560.02,4,4,1
85a3d153f16a1f00c32905725d1e3b81,166,1,556.83,2,2,1
c55641c7b843c3e7baae66b5946cdbb8,210,1,549.03,3,3,1
5ad96d7a95788923e8ff455366a90015,438,1,546.45,5,5,1
b118181abcb0f3623b02187e09399f27,358,1,544.18,4,4,1
c16bb123fd0f6a23dce5ff04d9f43436,21,1,533.45,1,1,1
6d27e708580f5c26ca2282eaf9b9d7c0,77,1,530.90,1,1,1
dab4fe2af436949af561734e58a8dd75,379,1,528.70,5,5,1
af2f1149064838dd52f8fa8cba8f4315,326,1,526.78,4,4,1
793ad164c5cac4140df0c539467cfca9,370,1,519.20,4,4,1
ce13d650b5a9d9e05799293014ae51eb,504,1,518.25,5,5,1
60a22f2188cd2b544c45f103d0e00539,349,1,517.15,4,4,1
dfd8d1d8e83102f22972352dc4fd9c8b,82,1,516.66,1,1,1
434b479a6ad8b343becbeab9f3ad2c88,132,1,513.22,2,2,1
83a660cd68c5879571b819200b90a74a,206,1,512.21,3,3,1
f1fe705bc4a9f9b1508be25a3e4141f0,14,1,511.42,1,1,1
e707dc75cda76b17ee5585ded1d2eb5e,161,1,508.38,2,2,1
b8fbbfbb999eada7bea124f324481dca,50,1,503.77,1,1,1
7141f12f335b30c6d8ca881d9f330c69,42,1,502.12,1,1,1
e8cb0c78d44d572d96674d666f082fed,391,1,489.69,5,5,1
ba17fa1c74cbcd675656a975e53877d5,210,1,487.86,3,3,1
ccc0bfa155686baf816eb6d8ae01e2e5,156,1,486.86,2,2,1
77722ed28b37c30bc7d25319b0a14b73,467,1,486.30,5,5,1
fb8c74f4449e5a62e3c1296f75304ae1,202,1,484.68,3,3,1
8f0eb363ad943a36b7091034f29b508e,386,1,478.56,5,5,1
4a91199dce0d0f0665c157bd7ebc7198,563,1,478.33,5,5,1
7a380cb5434e6b6b5b37d45bb99dbe8a,79,2,476.18,1,1,1
deff56c7b9f9d9bd10bba398c4716f81,476,1,475.01,5,5,1
2ed2d94955614ec3262ce7575ef997f9,559,1,471.05,5,5,1
e8050a105cc04ac529dd9b3cbe5a7836,161,1,467.89,2,2,1
b8d4f36004a20507a599935bf54f91a0,72,1,462.07,1,1,1
04e6e34e5ad54169544a7378223acdbe,372,1,461.77,4,4,1
a4ff7f3161bd56ef7518647f4e14ca9e,411,1,459.50,5,5,1
a51c9e87de4b204e26e777faa7116b97,291,1,456.74,4,4,1
f1efc19f85b4823a0bfde8f77f913207,691,1,455.01,5,5,1
665ab44b5007bc768403a577a37f9a46,230,1,453.74,3,3,1
ad684122327b1b40f726af40a8b74faf,292,1,445.75,4,4,1
7b7605b5797e73a668d8b55424f883f0,294,1,444.92,4,4,1
114886384ffe882fb734de722e614d72,351,1,442.18,4,4,1
6ef326dc1bc04a8e63bce7e749279a00,201,1,440.19,3,3,1
e6eaee40c7a7c72731ecba5debb98324,25,1,439.33,1,1,1
a6574ee7605980aed495e22dc1a6abfd,303,1,438.01,4,4,1
0e4d012fac3d20c033e0284fb6d2ea6a,121,1,433.81,2,2,1
666cc07c716fe875d62948482eff6209,146,1,432.40,2,2,1
58ebb0cdff831dccd8b4009111506f80,359,1,432.32,4,4,1
d26623f4bca067633cd1b3f0d1f584a5,182,1,431.62,3,3,1
34c13cd5451e9a2b8dcd0a2260ad631b,28,1,429.64,1,1,1
d94ea08007c6035eb9ebc0c9331a6706,287,1,428.00,4,4,1
9041aaf6094cf78b32f85afbdcdc9721,265,1,420.01,3,3,1
d89df8031e142bb5a28f16211b3ada43,343,1,418.92,4,4,1
04f6b73a950bfc7afab0cbf82fff47b1,365,1,418.55,4,4,1
442218fb56227a4e1dd5e844ce9ff728,509,1,417.81,5,5,1
1e8ae2128137cd86fb6cc9d0445fcf7c,238,1,417.55,3,3,1
ea354e8bfd0528f5bcfb2b5c305b6496,534,1,417.00,5,5,1
54dfac2adf924cfba07091efb3d1b5ee,227,1,416.55,3,3,1
79051ee5ee98c4bd6982e67e2e79dbcb,318,1,415.97,4,4,1
cec2d86889f4d9a19aeec4c8d4e1beae,176,1,415.83,2,2,1
41d425e9074bd07de94859fa74a2f0bf,79,1,415.51,1,1,1
850e8006b4f239916012dfd4f9bdeb0e,97,1,415.32,1,1,1
bc6839208cb211872c9e1909676cbd0a,324,1,415.32,4,4,1
2062829df366557aaf33d5f28c84318a,540,1,414.18,5,5,1
18c75282901f7db1fe38e8c9a3ce4c12,75,1,413.53,1,1,1
9290e3b0f0fe3e660c4de619c1640ac9,355,1,410.38,4,4,1
3321a75303831a580b0973bbf54900da,155,1,409.50,2,2,1
d9d293390bc78577294b1d8e5864f13f,7,1,408.79,1,1,1
69622cc3c28c760631192198f71fd35a,331,1,408.16,4,4,1
6926bce378918c0796934a2403ed36b2,205,1,408.15,3,3,1
925d26d2589c983d6e2c33ca7da030d0,197,1,406.23,3,3,1
738ffcf1017b584e9d2684b36e07469c,301,2,401.06,4,1,1
ee3f102da1f94d5782046090f5c6c67c,594,1,399.72,5,5,1
ca270b48105d4aa0d747a0529775f19c,464,1,399.44,5,5,1
04ecdc3e754a48294d832436960a3280,304,1,399.25,4,4,1
d242c2a33b19c5fab2ccf4f67dcaba86,114,1,397.70,2,2,1
ab1a8c30f3d91e7877ef0b7fa004f65b,132,1,395.46,2,2,1
86b0aa3acd7e8f7427c8915780f5cd27,205,1,392.94,3,3,1
a464f750556546a0989d9326ec003ccf,72,1,392.60,1,1,1
df033c6cca61206b057d843131600fc0,276,1,392.10,4,4,1
0af856b84f956b11317832a27b18ff4b,29,1,391.08,1,1,1
12d5abe8e60cbc8c330cd36fcda842c6,425,1,389.99,5,5,1
d215654948fc3ce8f8010cc12a8c843e,90,1,389.16,1,1,1
f62da42a910ca0b93978f002ee5d0aef,511,1,387.80,5,5,1
6189b291a65a3209d34b330f8f0e8373,309,1,387.78,4,4,1
4e40f88729018a8129193dc0223912d4,104,1,387.41,2,2,1
454db3b8ab5e556358e87fe7df1be2d6,405,1,386.76,5,5,1
f6db892e508b52b2419ce2fe09628d7c,13,1,384.66,1,1,1
a1a60b6cdb7de4b7251eab4f0ca8878e,356,1,383.20,4,4,1
918defbde32da786dc3e8a2fc90d6a2f,184,1,381.88,3,3,1
adfae35ff9b67586302b5ddb0b7897db,451,1,379.67,5,5,1
690c7559d9d62f2464c47042a655bf57,364,1,379.20,4,4,1
52b7e40d53b336e18d6346d2236a5ede,30,1,379.11,1,1,1
01e019838e4e21dd66bb6f69352334f8,269,1,379.08,3,3,1
1858eacbc8be35fe3b5dcfcd6d249462,251,1,378.91,3,3,1
012755131a5b785b0ae3291c339a9051,158,1,378.20,2,2,1
8ee4fb8d09197a94094f4161e1f2dd2c,357,1,378.08,4,4,1
b7343dc001a69a3fc9c31961b5dea892,160,1,378.00,2,2,1
43fb7cd074b0c8b373505d1e46b30a07,349,1,375.25,4,4,1
7fbb6d8f1f76288d32ab1a4e74da34c5,583,1,374.28,5,5,1
f95f0625e25c82748c9bdfe101aef940,177,1,373.14,2,2,1
acc619a5022471a3007a9bf8c7779f07,274,1,372.86,4,4,1
f5cd72e7209640c294bad4d57f4f7772,273,1,372.72,4,4,1
cff7e6157907d5d7688107f455a785a0,152,1,372.52,2,2,1
11dfafdbc0661252d0c957bb66eca814,22,1,372.42,1,1,1
f3c6f7452df051a1f10450ad5e7ec930,113,1,370.55,2,2,1
d66080b536ae3a1639751657b3698613,292,1,369.92,4,4,1
b1c1982ae7d25948e2c9fbec7c71a17b,533,1,369.74,5,5,1
643b807a55c5add3c91379b31f50d206,207,1,367.98,3,3,1
c6daf89e664438f63927784b6fd5c5c4,576,1,367.90,5,5,1
dbf9d2d8651aa98885c12ec29829c6e0,391,1,367.56,5,5,1
281a589201691767532e496d0d40ebc7,469,1,367.20,5,5,1
a2580d4b7f5471bf5e8352446ba6628e,350,1,367.11,4,4,1
62b1fe109029247a9cf2ed943978f6a0,521,1,365.98,5,5,1
68667861acbf4ec0e980b6a3933d489c,56,1,365.74,1,1,1
47c1737f10465e1d00d0c02ea916c74a,5,1,365.38,1,1,1
a7a72b5517a675e63ddb9f0f58c4fd33,190,1,364.50,3,3,1
3e43e6105506432c953e165fb2acf44c,271,1,364.18,4,4,1
0dbf75634e9cdb8dfef760501cf983a8,168,1,363.96,2,2,1
ef4ae125724cae06f46da6a302c610d2,397,1,362.93,5,5,1
8819f20e2b7af5d60b16420036afff97,95,1,362.37,1,1,1
ccc2dbe64dde140fb3dbb127091e50a9,128,1,362.17,2,2,1
d4974a275160db5623addb418688e443,169,1,362.00,2,2,1
5ea98ccf7ab339d0df0762211877c227,114,1,360.34,2,2,1
3584499f418a3d1561146c07564c3ee4,35,1,359.13,1,1,1
a6ccdaa678f87c99610b6767570a0bce,95,1,356.64,1,1,1
b8baa482e2e3b439ab972fba47c9be48,315,1,355.77,4,4,1
81595fa5eb02beecda64282ad13287f5,162,1,355.10,2,2,1
9d0ef48a7d5a1b31a2ff6a09713fc24d,121,1,353.92,2,2,1
26f17bce4c85dfa04d493059fe609cd5,32,1,352.25,1,1,1
f0b061f3c7f8b82f476bad34fb685ecd,186,1,352.10,3,3,1
c899abf9b025c3ecd2e8d8c4051ed1b9,463,1,351.54,5,5,1
6fd59e5feeb6fae45bdb31e266a65334,309,1,350.89,4,4,1
47ed909ad8168055b4cff7733f7ce616,19,1,350.41,1,1,1
2fc9fb9b48197a04c6d31ae67029e233,155,1,350.09,2,2,1
37cf7c94e4f9624b4507713dc6a58fab,274,1,349.08,4,4,1
58b54a7b92d168cb5b3edfd435aac721,318,1,348.07,4,4,1
6b80cc7d77cb61e543f86463c3437a96,166,1,347.56,2,2,1
205fea0ca71690b632ed095aaf2ad12e,58,1,347.50,1,1,1
215a9975430b79bfc8e836ca2dcffb92,33,1,347.31,1,1,1
842086dd425ca0aae2a88988a0eac805,452,1,347.05,5,5,1
5d86e4c7d9e944ebaab065f2588f45f9,412,1,345.87,5,5,1
e79f6cfdcc27ec08665098c48ab029e0,224,1,345.68,3,3,1
b951c9bf661f93b4622ed4e21034a9ce,76,1,344.72,1,1,1
4a2323f83849ec7cb00a5663d064bfac,247,1,344.62,3,3,1
15c7b142c5ed84a1537ceb6d448818f7,227,1,344.53,3,3,1
85a737188393650b671b8c43045fbc2d,136,1,343.77,2,2,1
48e765b31aa7359bdc26fb32b1b6825f,545,1,343.71,5,5,1
b43f568bbfd407c4bd39813555657f2f,203,1,343.26,3,3,1
da7aed2e8fe57799e72ab172e4956aaf,104,1,342.25,2,2,1
f8945c1122a948f727f6cc5f56f02532,293,1,341.95,4,4,1
c92fcc08288d633d677a2b744e7cdf9f,23,1,340.47,1,1,1
d71a769963b2c890c06e83cbed137a43,480,1,339.86,5,5,1
500b6d6368aaa8f713f050654b92f366,351,1,338.64,4,4,1
791ba15cc2553a0c27edba3b32ef9da5,440,1,338.60,5,5,1
3fa626c46f413742865a2cbfa914bb80,294,1,338.51,4,4,1
2e8561bf8b43a8b182c53dfb53fc9a7f,583,1,338.46,5,5,1
ce1d70c7d3d3fe7fd419add17e70ddae,358,1,338.13,4,4,1
86246b1ae68b9e35ca0d5b6dc0350333,551,1,337.84,5,5,1
54e0af4a0f1db52a08a5f9b39954dfef,122,1,337.23,2,2,1
18c0e77a9b110ab32b12afa6550d1fd4,229,1,335.47,3,3,1
b8a097297ee1be3223fdc6727b119ccb,267,1,332.73,3,3,1
ab451b486278ea9f8e30f3eff137ebd4,9,1,329.55,1,1,1
98fc5953df36cdfa978a40098b8589e3,526,1,329.47,5,5,1
c41f55ab526b11b223d29d9936d564cf,162,1,328.95,2,2,1
7d8b4f89fda12bbbd9598fd89b76f4f1,312,1,328.67,4,4,1
6e90e6c9f3c5677e9d9ce080b95eb0ca,80,1,328.14,1,1,1
8bbbe9dba580184aae1b7375edb53a7b,320,1,327.92,4,4,1
c1b7893ed0fb6777c4c10e5a20f11df3,536,1,327.80,5,5,1
b7691a211ab550e0b5f3bf33ade5f5be,174,1,326.36,2,2,1
1c23e9b21cc43e6f701683d23ab22360,348,1,325.93,4,4,1
f792e65d3f71892a1d60f6cf17cc58b1,136,1,325.38,2,2,1
2be1bf7d96bccea9775dcd4c5cbde376,444,1,323.91,5,5,1
100a1a0fe9f738719f7b63e3eadf5ebe,158,1,323.89,2,2,1
bed61eb682075f1126ad0dff626926a0,311,1,322.89,4,4,1
396e89f9a8b20de569b4f649539028db,167,1,322.17,2,2,1
57b0b8c2c522feda58822ffc4f680375,532,1,321.69,5,5,1
089967e5aa13d5ab166c175f555ab0d8,87,1,321.51,1,1,1
b1fc5d54fc2cf731201d449508cc9109,127,1,321.08,2,2,1
af6df407c49dc18d7cca128229204fe9,560,1,320.05,5,5,1
19473c6ffcf611d71a7ea7f03a17f6dc,131,1,319.88,2,2,1
6e084dee07052768ae655712771e6b2b,237,1,319.11,3,3,1
dc443b4872692acb2d61bd82c758ff75,312,1,319.11,4,4,1
5d3e6a61592164c2924ccec5c7f56058,126,1,318.37,2,2,1
eb2f753482ad0fe9d19138e4eb07985a,4,1,318.30,1,1,1
506e2ff6b5a02a479e1f12b2a37deee4,343,1,316.76,4,4,1
b685f571858e1a165334b397342c01cd,182,1,316.57,3,3,1
174f249b4817e23ef163ba88fff61278,278,1,315.84,4,4,1
bafbbaf0345497c9e80502a08fad4a55,272,1,314.92,4,4,1
6d6c7bcba410b2206fb3cb9c33c3707f,230,1,314.71,3,3,1
7aedba48051dfe957b59e5d052c16f71,123,1,314.21,2,2,1
6ff438d434f5af7a2f4b23a22d96ec69,148,1,314.21,2,2,1
3a3820686adb2b0db7825eff823c51f1,129,1,313.53,2,2,1
ac96769b758dad3bd572bc5e3fcb8511,297,1,313.50,4,4,1
0a11a4d0e9f9e864f03a7451f0f255b6,415,1,312.91,5,5,1
b0ba54f5aa2dfde39043ab0a7e572bc5,132,1,312.53,2,2,1
1c39c97eda972b5229e94dad96ccfbb5,275,1,312.49,4,4,1
4e012ebff739bde041e02fcabd42d3d0,20,1,312.34,1,1,1
76bf559b3b17a29c539449167daeef6a,487,1,312.25,5,5,1
d89190fac424f73403381fd7ab645e05,121,1,311.81,2,2,1
e48dd47690c9c58d5b4bcca375755b37,96,1,311.56,1,1,1
c4727b31f6dae15654a8a097c91abe75,63,1,311.34,1,1,1
880c2de566e409a3a228a2f05bbef4b3,479,1,311.17,5,5,1
a40096fc0a3862e9e12bc55b5f8e6ab2,322,1,310.69,4,4,1
a91e80fbe80ddc07de66a5cf9270293c,350,1,310.26,4,4,1
daf7dfe5576b8c581e8353aa8608a008,519,1,309.72,5,5,1
0dc81b520ef7db9cb44bb075e129dcf8,215,1,308.61,3,3,1
3a43af6775cec872d9a3c80707eb3336,209,1,308.35,3,3,1
41c9b35f67c54295f3dc8f3932596421,134,1,308.28,2,2,1
ca77025e7201e3b30c44b472ff346268,89,2,307.88,1,1,1
2883fd7c3fadd0ad0611424020a381c6,220,1,307.69,3,3,1
9b953c95d48d666d4a7da3aec936f1ab,218,1,307.68,3,3,1
0ad45166f7c608cea70cffc074e78e4b,508,1,307.14,5,5,1
82d3e8adcc5eaecb0594f0b20a105d93,104,1,307.00,2,2,1
0f524b9f56efaf32d066ef999d95840e,58,1,306.16,1,1,1
c76dbe63126a89c815fe9716acfdb4a1,102,1,305.96,2,2,1
8a2530b1bf32235ed2636468ea0b1582,538,1,305.70,5,5,1
eb95548b5609bc72326178567edf6f69,352,1,305.63,4,4,1
7f75d82fb48730a02d3c678dd2242e44,593,1,305.44,5,5,1
e8a7417930c308ca3bf5abecac56da9f,274,1,304.77,4,4,1
aa2630ebac79aa0c7749370b705121bc,330,1,303.40,4,4,1
0de36b0aa4ec94ffdc34008f6b0c8368,289,1,298.30,4,4,1
26614c2dfb78a66f819d499265b75a44,234,1,298.22,3,3,1
46a5335f5fe2f04744ec3535fc6e36f7,159,1,297.20,2,2,1
5d0a025a2f2bd75a48de87b18228e67a,305,1,296.71,4,4,1
c09a451cbf37a98dd35bb88cd87deda4,497,1,295.93,5,5,1
baca240b69cd4bd9bf08199640ae8da3,460,1,295.52,5,5,1
247abb2be98c7d9fc9190efb37097f51,163,1,295.01,2,2,1
21421ba1bd92005a3b48e6a745e9b8bb,226,1,294.75,3,3,1
3894c7d8e29573e308ebc285ecd61d39,498,1,294.14,5,5,1
03bd54f79495a5307846e047faba03d2,335,1,293.75,4,4,1
6c70bee45f245a4ebeddb2ece21b567d,422,1,293.39,5,5,1
99d8935df0c62cacb1cca1bb1f7f4b7f,328,1,293.36,4,4,1
fc9fa1a38d9aa0666a09bc02cb28fb8e,497,1,292.11,5,5,1
518bd6dc8b398a069309bc013fbc43a8,84,1,291.72,1,1,1
e3405e8bbd4b26de8e5dc6c17613ad50,277,1,291.36,4,4,1
71ee9caf8d0dbcb876831948794a9cc0,268,1,290.72,3,3,1
58f20748b5ef303f21ad24e74b8eaa42,211,1,290.68,3,3,1
dd530943f0b4dc288d2f18098cc2e14d,379,1,290.67,5,5,1
3a35072545922212963fb3df6ca15042,259,1,288.38,3,3,1
139e1ff1cc3736d18d31c21a7e338105,318,1,288.13,4,4,1
643e03b0555c358dbca7dbb4ba64617a,53,1,287.65,1,1,1
093867242be0187d46b7ffbd01028078,337,1,287.38,4,4,1
1353d27af23e55a4e17d000a367d682d,426,1,286.64,5,5,1
54e585d73c89a6aff19a1557eb5e9d16,194,1,286.56,3,3,1
1b6d2664b20a04a1fa9c900aedf29440,31,1,286.45,1,1,1
dee6a650840de087ac42c4367bc9baf3,229,1,285.02,3,3,1
ec039b68b511c08af9ca9e49e7419e70,286,1,284.90,4,4,1
3d364a7768fae99678635c4370295d20,525,1,284.71,5,5,1
52552f43d5fe8a3a21890062264fa8e9,185,1,284.43,3,3,1
e34c56da9aac39ebc70662c7f4314937,477,1,284.20,5,5,1
ee3575d8ee7cd3251e3efd6f9cf23fea,112,1,283.54,2,2,1
e9dc392ca45bbd1c3faf921ccd7ebbd1,455,1,283.34,5,5,1
f98c176aa45d1fb308a31791727483a8,345,1,283.33,4,4,1
01927626c24c5826ceb6ca6b2797fd60,161,1,282.52,2,2,1
e6fa7cc86905b2aa644fcce145e2dc80,128,1,282.41,2,2,1
05e07c4abd22863100e52617e94304aa,163,1,280.87,2,2,1
368dd77e48ff41c5a1a9d0c2d942c1eb,54,1,280.65,1,1,1
c2a0eb5fcaddf44f7567f4dbd0da6830,324,1,280.63,4,4,1
919b613e7aa171cb4ca017c049fbc5da,325,1,280.16,4,4,1
84b5012d933ff251917aa48ff80739f0,167,1,279.24,2,2,1
28ff242cb466759c1b586a5c77f811f9,58,1,278.85,1,1,1
130c85da601c2f7af7a562f716967b46,540,1,278.07,5,5,1
e264ef071f4c0fb4a0f3e9139b283dee,575,1,278.07,5,5,1
e48095bd8f883a7d270166aeeb22b113,140,1,278.06,2,2,1
e1a821d8a0ad5e951bf0e47464dd1f9e,277,1,277.63,4,4,1
566f5414c232319e9941d53b560f9f73,258,1,276.68,3,3,1
c398a258ca1af5f3da8ae5504e24828e,261,1,276.65,3,3,1
91a7b48057f6fbf9a4902ee9f3bcbb02,520,1,276.52,5,5,1
e2fd80fb6204d4dcf3b1fcd088e09765,426,1,276.08,5,5,1
eceb50042675f24ba84998de4520465d,415,1,275.56,5,5,1
3af11c83a23dd9fd6c62fb44f971a564,110,1,275.40,2,2,1
34ad8eecb58cca3f3fdc65e91c3ccd81,383,1,275.11,5,5,1
0954344d5c00614db04e124b63d3dd11,79,1,274.63,1,1,1
1f411180ef22032e1bbf9ec7a94a6ebf,41,1,274.55,1,1,1
6b22f90696d11798825c886cdb59bbfc,76,1,274.54,1,1,1
833dd5cf1e199f5ff69147376894a0aa,127,1,272.94,2,2,1
ad25c8b3c259a4e5f2d635207cc0a8e8,121,1,271.17,2,2,1
26b3e8ebfde4ad342ce964d0c7b9de1b,42,1,270.57,1,1,1
9b82602fc3e9a153752f16553752d58d,35,1,269.97,1,1,1
2db8aae1759be06242d5199c61fa7706,59,1,268.84,1,1,1
393f03cea71d333b1c13c3a1d0bea3a5,286,1,268.83,4,4,1
12b7b437a172086f4ee3dc7177393a85,277,1,268.00,4,4,1
3a75fe04b67f463a4cbb5cd665321cc6,269,1,267.99,3,3,1
97bea1bd851c66cb1b935ca5120c4fef,48,1,267.61,1,1,1
e8bab621313ad2a3c0ce8e3a023ff9bb,343,1,267.28,4,4,1
21e73b8ffe90a9de50fcd24095b1a469,321,1,267.25,4,4,1
bfd615f5f37a0dfef82d7433fb229c9f,259,1,266.50,3,3,1
4b86049cb99e4aa774031daa9cd18f18,210,1,265.99,3,3,1
a75e134e7eb6f96e2b0c716ac2a82efb,140,1,265.40,2,2,1
6858ce30f88a81273fb705a2fcc52aa7,315,1,264.67,4,4,1
e91d99078659be9b7b474bd69cb53ac3,66,1,264.24,1,1,1
1acfddcc366d45e07b84eedc46282cdc,18,1,264.22,1,1,1
ce8ce3162583cdab8d9cbfb43e215217,56,1,263.89,1,1,1
e7647b89106d66c778cc87ff7632fbfb,419,1,263.47,5,5,1
0cfe42acc51af3f1b24268032e51bc56,170,1,263.23,2,2,1
b22cf21840e60934c4df94ce2b42d7a1,180,1,263.22,2,2,1
628bdd93abd27fbdd50f4e2e91ec64b3,239,1,262.94,3,3,1
67cb90a67c8f7b5e3a886f4fd859d2f8,236,1,262.75,3,3,1
1c3d71e403c34f60c6566d08b451c138,376,1,261.96,4,4,1
fbfdc06fca767d4802be65bd37da8862,33,1,260.99,1,1,1
d3637a49be0f9ce81422c401f4e1c352,283,1,260.19,4,4,1
f2a85dec752b8517b5e58a06ff3cd937,470,1,259.06,5,5,1
2b0d2a4ffe3906cd18019c2463cfeee9,57,1,258.50,1,1,1
9a472b2130845c605e1581b58e27b504,16,1,258.38,1,1,1
bc867ebfaaeb874d54cbf1da33fd4a1b,345,1,257.99,4,4,1
5824772f55a94d6c06cbd5df136f5ba4,117,1,257.94,2,2,1
a50712290e62757f8bc5f1622b2f04cc,61,1,257.52,1,1,1
2e61a8d70f5bd8fa8dd742ed198aceaa,567,1,257.02,5,5,1
0f236e51bb703ddf0e311f3520600065,225,1,256.09,3,3,1
0798b226f964052f8d0201c646d57df1,384,1,255.42,5,5,1
d001f22d6b7e8e3b4c322cc83d77495a,108,1,254.41,2,2,1
e1bd9953029d9683b41f570e717f82ff,310,1,253.69,4,4,1
8746f1ba2e19bcf8bc03a946a0923d78,313,1,253.65,4,4,1
c5f0ff72edaa56e5e8eb0456c3c97ecb,473,1,253.01,5,5,1
fee24222fefa5a001d302a0492fecc7d,16,1,252.36,1,1,1
51447a072df1808d23bdec7d610f80de,559,1,251.28,5,5,1
085d2f970d64f92ebc2f4456077e548d,105,1,250.89,2,2,1
727fd1637068f738000769f328ccbe4c,59,1,250.11,1,1,1
cf68ed00e583c4c3802cd3eeaf4bbfd4,216,1,249.62,3,3,1
f3c07da3cdd95c337eed52c783c2c736,8,1,249.40,1,1,1
7395b7864f1b33252013547d30b94240,180,1,249.04,2,2,1
8810ba9ddbf9f21e12e7ddac3ce887da,463,1,248.85,5,5,1
f0e721656838e4d20a956242308007c7,93,1,247.68,1,1,1
d42b2752f04c8b661506333f88f70177,146,1,246.64,2,2,1
32fb60e2ce6a1f62eeccbc2d33046072,39,1,246.61,1,1,1
22922c14a63a020f04ee428cf5f2e995,17,1,246.49,1,1,1
7ea3dc64a652d699ace3048e904c561b,266,1,246.28,3,3,1
b47a0e3acb428606ae13fce2b05d2da5,153,1,245.54,2,2,1
908d09daaa48fe076b768ab8f26c298c,246,1,244.15,3,3,1
57ab82e6903e4b2b6dfb2664186a7997,397,1,244.15,5,5,1
a2f51f628955d9668200728005209afd,77,1,243.31,1,1,1
c55d3a40c29291e294061276caa65dfb,198,1,242.80,3,3,1
05f20ede6bed5ad392953e8b43583336,509,1,242.76,5,5,1
3401b2c012028523ff2264050b7f68b3,127,1,242.56,2,2,1
7f4f709af2fd8fea44aacd30bca46264,285,1,242.34,4,4,1
61bf8e4656ece5791021786c756f1894,56,1,241.95,1,1,1
fc99cf02242e9883997db66f863ab742,175,1,241.74,2,2,1
ca62a2278969324ffe26da3e5704d0d4,371,1,241.73,4,4,1
93f3172571913479f3cdbd041da2d3b1,126,1,241.25,2,2,1
f499bec5aab9296c42e34f0d464ba19f,129,1,241.15,2,2,1
aebdb8f05f5ebf99f858c1a75fb7035a,125,1,241.10,2,2,1
ee2c239826fa08040447be849527bc56,339,1,241.08,4,4,1
b1039a56990acdddd5438aea568557db,29,1,240.10,1,1,1
5d0f9e059b388d11c92560a0031b97d2,287,1,239.05,4,4,1
1aeda8a7a2736542b65f15a8ff8d0f5c,78,1,238.75,1,1,1
b6aa1d5781553afaa244c3e42246d93c,252,1,238.69,3,3,1
6a4198de80204cda3d91dc2abf851a5f,156,1,238.50,2,2,1
8e9dddf8ef649a61f67a74c066089cf1,111,1,238.17,2,2,1
e09b74bdbfb36ed596e4fcd32a35e1ed,547,1,238.08,5,5,1
fef62bb69c27d647eb69eaac077cf3d7,100,1,237.80,2,2,1
6ad430c5fac5e72b42f74af4ad7e98f3,162,1,236.81,2,2,1
3798f7b8f9b84c2789776972b9b5ec3d,167,1,236.74,2,2,1
daeb283b71a3cc8f49c2c878bb86e15f,91,1,236.36,1,1,1
236198ab615d09261ebbb64e82cd89a7,285,1,235.98,4,4,1
367f810d77e192e1440edd2afa6b07cd,569,1,235.95,5,5,1
449ba149df652b663c8a8605eacb146d,40,1,235.83,1,1,1
6eff1cd9cc7f4dde6e1cbb679e219a50,295,1,235.70,4,4,1
44434a963fa4b4012dfd754e817de54e,116,1,235.41,2,2,1
618ab23cb329ac11c84bc092ddb4bf09,217,1,235.27,3,3,1
67a5e8eca251d86ff898217c9648c690,378,1,235.19,5,5,1
5afde1c9bba8add22daf7930d6c8fd83,17,1,235.06,1,1,1
c1e46a3c0e43e74dc1a0704323c2ee3d,40,1,234.60,1,1,1
fbbe4bf6e345dee467d3b36a89f04cfc,33,1,234.47,1,1,1
26ef82554d12997374cb696193b9c415,563,1,234.34,5,5,1
47241156f53adb201a393df4569ed484,35,1,234.17,1,1,1
c24418a742a0d8fdf59827fd30d5e01e,25,1,234.15,1,1,1
a955261f6d0390e5b5a6d0b2698d0918,210,1,234.10,3,3,1
e3276a09829510513e2f055f953b2aed,99,1,233.92,1,2,1
0ffc908947e1f0c9f17647058b9a58c2,423,1,233.81,5,5,1
e92cf8004da0ba60863ad7d5bd816f5c,278,1,232.90,4,4,1
b5d6fa3d2213927296ac893f14f4461c,185,1,232.71,3,3,1
e02fbead9117aa245d80a40e05a249b4,456,1,232.65,5,5,1
a54b7205fec227b09d408fb0540b5ac5,266,1,232.48,3,3,1
bca2d58bb6855db63ab2542850c89270,93,1,232.45,1,1,1
11e81b9497f68f501ac372f3cc827bbb,133,1,232.07,2,2,1
3726ac7519981c0c5a86b98ca38297a4,555,1,232.05,5,5,1
5bbc03d010ac4dbcfdfa2018349c8f6e,112,1,231.79,2,2,1
6cd4f9f619a196f16b771eaf368838ec,112,1,231.79,2,2,1
d34ae8a2849ec90990b577eca5444522,142,1,230.75,2,2,1
f053ed40ef0fa5d5c8d6e50c125e9c1d,349,1,230.74,4,4,1
5a48c47fe2c186107b7b97aba82057a8,225,1,230.15,3,3,1
2a914bdfae6c0cc612a51e479acc0128,441,1,230.11,5,5,1
8d8c91f2c4344c8f57793e8e210d73bf,286,1,229.69,4,4,1
f5779b107efa988f0731f1939dad40b5,26,1,229.65,1,1,1
0037eb1ff742ee2e71ba887f65f3c6f3,412,1,228.79,5,5,1
a3715422134e4c66bae42366fba591e5,111,1,228.43,2,2,1
bd2914d2e0b52a1b1bce55b39c1b1edf,178,1,228.28,2,2,1
a1d71835b02fa9e916be4115df3e8b1e,72,1,228.24,1,1,1
20bb1d9431264f331e47b2da94991eaf,19,1,227.60,1,1,1
ff2521c4012e1a212bbd12c9ed5acc48,26,1,227.60,1,1,1
5af852e24871220c7697287373000c81,117,1,227.40,2,2,1
479d6a0c8b13debeddbe4129756c6c68,117,1,227.38,2,2,1
1d6d7421fac2e0cc34a9636a58c38283,407,1,227.27,5,5,1
121a8ecc8f0438fe59cd337db4d4ebf5,426,1,227.27,5,5,1
c1b0ea0ce297723495a10dfa3a49cf74,164,1,227.17,2,2,1
c7d8b3a2fdf2fe6ada59677d6d01d452,213,1,226.71,3,3,1
64e0a2c0c237ffa49416d01334384f7b,230,1,226.71,3,3,1
fafbc4ecb15933633821dfd530c9263b,465,1,226.22,5,5,1
8cfecfbbdad82f1281686a54caf46dbb,541,1,226.14,5,5,1
3e0a8e2f767f96b047452d0eb7c7f76e,258,1,226.12,3,3,1
e56c92245b4ec59712e11080051de6e3,139,1,226.04,2,2,1
7842fedad651fb80cd89f428e34e83e9,268,1,225.96,3,3,1
6e7401fbbbfb9bef564d4272208c5d87,267,1,225.71,3,3,1
e8597995dbb64c21b761211b7f2f93e1,268,1,225.71,3,3,1
fee6e134e5709ca3b2496610ad7c4172,199,1,225.21,3,3,1
52048addc48dc028cbb5c1cd4f67a32b,273,1,224.84,4,4,1
9da098e9a3edd7f640205f03a340a821,98,1,224.77,1,1,1
bd2b3678a31c7acff94791bd2ffce860,293,1,224.72,4,4,1
1d34beeda3b2d9a16c418c0d1419bdea,22,1,224.51,1,1,1
37141534991824398a1d15117085ae8d,411,1,223.80,5,5,1
9c4adbc4c71dfe7cdcd6117f1c461473,151,1,223.68,2,2,1
6a0a549e7d20a02c112dc6be0c395a51,19,1,223.54,1,1,1
245c870b2ffc61c7cbf173b9b1667dcd,26,1,223.54,1,1,1
4525508b1e5d83e659510e670d906aeb,471,1,223.50,5,5,1
76464fcf73d60dc8e2166448bd23a1bb,61,1,223.48,1,1,1
8a4002923e801e3120a11070fd31c9e2,160,1,223.38,2,2,1
d4e6e96efe843f32f662a70f7807162c,186,1,223.26,3,3,1
e6e2a0b666308138b428a3171f518355,397,1,223.26,5,5,1
3123dc97347a751c4d825f45d6d6e4c0,22,1,223.19,1,1,1
0608b94dd7f1fdddbe1216c453dab7de,453,1,223.01,5,5,1
6aa9c977baa412b83117a040721e229a,189,1,222.99,3,3,1
e6e960c1e6bb00b15cab440eef8d6875,133,1,222.10,2,2,1
3f51ff993f1cf25a9101463bf5ebe6b1,178,1,221.89,2,2,1
5616f75d22507069b5383854a1d8c414,233,1,221.79,3,3,1
563d45998b9493266d53b268f4539c8f,265,1,221.64,3,3,1
19db446f263e6eba7f12d4d80ce5d308,45,1,221.23,1,1,1
6d06d8848091c6055d728ba3ec366536,93,1,221.16,1,1,1
571a76fdcc655128d212af3769465b32,391,1,220.79,5,5,1
a6f5c8508826807c40ac30fcf62c1a49,377,1,220.19,5,5,1
cb2d00950f18d7d8f7fcfc8cc3a173b7,394,1,220.02,5,5,1
038d84ab58dc78ee67846b354424ca6b,77,1,219.44,1,1,1
27f69c274c36e70cc366c88f664a5537,75,1,219.40,1,1,1
30601ff4bc10bc566c995c703a463866,35,1,219.19,1,1,1
a9ad8c620ab4f33d092c38e1492afa3e,27,1,218.48,1,1,1
1973beff39565594011f9a0ef66f923e,342,1,218.16,4,4,1
e106b0bf1efc2352bda60eaeced76675,587,1,218.08,5,5,1
64b576fb70d441e8f1b2d7d446e483c5,571,1,218.04,5,5,1
933187b833ec65e129ddc8cd3506d25b,291,1,217.96,4,4,1
73da78eda27f160f2ed111e2916d162d,234,1,217.55,3,3,1
0fc613bbfaee6a943e2c8d02aab97a7e,210,1,217.43,3,3,1
2fc9a64ae672512016acd52bb0d59c61,306,1,217.10,4,4,1
4c0bac678bfb8ff0becd5b393b45a884,236,1,217.06,3,3,1
7fef4de812315967e0c7b699e88c5753,466,1,217.06,5,5,1
07a421ede5046fc7bf8af5609afaa05c,419,1,216.83,5,5,1
f8666e50d990ee722b53e8a3bdc57fbe,424,1,216.63,5,5,1
33165bcd351264cf06f79fefca8c433c,92,1,216.60,1,1,1
de8ce480b6119f2835ce8ad07c326793,148,1,216.10,2,2,1
f455e02e6a81e11652c1dcf24c1b3d43,274,1,215.14,4,4,1
b315861215eb4ceec45d0c299e7b004e,270,1,214.42,4,4,1
016a5760b723a3a0bcb4b294d4bc6b45,51,1,214.13,1,1,1
c40f5af81ed6752819b393aabc0e275d,406,1,214.03,5,5,1
e9e2ea9f0a8f6ec3bc49cec168ac3af5,127,1,213.95,2,2,1
d9752ac494a2b97507fd2faa478cabd9,405,1,213.94,5,5,1
63183d3cfbad06808445859b212823c2,465,1,213.93,5,5,1
1fcc678e05cac2f2cf25563977d488c7,293,1,213.83,4,4,1
04d72e3bcf0dbb259f2c98550640a179,106,1,213.73,2,2,1
5b47ada4d688a13c2cdc4639e332c272,259,1,213.06,3,3,1
a80a15cc7984d350d36af32d10866143,225,1,212.88,3,3,1
b122e38f9d1db195e8eaec708e8db763,86,1,212.64,1,1,1
61d6e3e6f112347f587c586ae6819af0,542,1,212.46,5,5,1
8d83eaf05879f1f71dfb26f7027f1b74,141,1,212.38,2,2,1
3d4ec1f3f781e8244b18998a4cc86212,277,1,212.03,4,4,1
7c16801645ee95153e17bb6e061b57f1,92,1,211.91,1,1,1
50ac16a2d87e6ab7fb5d9db91764e5bd,143,1,211.75,2,2,1
4562ce3c359dc100034c8a493e2669a5,360,1,211.48,4,4,1
66c46d213ee8922f33c3efdf92114d76,212,1,211.12,3,3,1
c1e9d3613eb8b37cf2b5526bdbeec4c7,77,1,210.98,1,1,1
804d68cab16d3e1422774ecb9b737bb7,182,1,210.70,3,3,1
f80521e48c7cb490d80e6b021f180626,416,1,210.47,5,5,1
df8a4a3bd7490ea0c639756f43b8a347,414,1,210.29,5,5,1
a4a6eeb70c933d1f3c6283a4ca4b0841,132,1,210.22,2,2,1
e8fcd829b77d4c9b2c79f89ebffac84f,137,1,210.22,2,2,1
3fba55633dfddf07245c270abb82519f,349,1,208.80,4,4,1
6747886441389831020c1833d24b162f,70,1,208.34,1,1,1
f2160626b9de48fcc82e2f58e40eb36b,59,1,207.92,1,1,1
d69e7376cd254c900729616e75624e12,566,1,207.58,5,5,1
a55224aa1cafc8d10ab7af526a4cf0dc,164,1,207.54,2,2,1
a4d8bc293bc8564b7d7e6bc9f244fe7b,8,1,207.52,1,1,1
4626807d07906818ef7f102b1b250691,571,1,207.51,5,5,1
78ee26fa1c9d46b1473fb7343a000ee8,436,1,206.99,5,5,1
8a4052a7a6c4a77059b0bb8dcd37ab7a,431,1,206.95,5,5,1
0d153268371aa25450d4117ff070277e,111,1,206.87,2,2,1
ff755148365a0062374c353946b68aa3,337,1,206.87,4,4,1
04e7b09e41a01df2100b30d1a880680d,229,1,206.74,3,3,1
2990f218665832600f7180650703052d,538,1,206.51,5,5,1
a8279aeab541b34442d6ded94c31ddaf,12,1,206.50,1,1,1
a69d87507bf91f13a28d0f058ec7dcdf,194,1,206.22,3,3,1
da6c55997d0309214cba42a738d50cc0,385,1,206.08,5,5,1
e44110c2ff342e5bbda6c2224d94bbe6,473,1,206.03,5,5,1
3603d5e336b125a3f5f659a1252a29c3,96,1,205.31,1,1,1
9f008417d1115817ec36ac4bdf3619ea,170,1,205.10,2,2,1
c192cc3489d40397d08e1769643c6102,19,1,204.50,1,1,1
c3fcf3b664801fe10c4d9f62ac72b21a,153,1,204.45,2,2,1
740a097a2a05f072116ab70a9e8feca2,163,1,204.31,2,2,1
e8b4b9cf7e6a2e6e13371f3439a4a1ba,219,1,204.18,3,3,1
8e23478d59ab253ef04d4d2056ebeb93,216,1,204.07,3,3,1
c5ae6572767f4a997402acb42109c3e8,85,1,203.90,1,1,1
34aac96d64fc005f6a378efdae534788,42,1,203.30,1,1,1
adc650abc7894831caafbf528540e9ea,28,1,203.08,1,1,1
4c4cb7298a837849426bea982a676ae8,174,1,203.08,2,2,1
dc283e7bdde26209d131546834a9536c,51,1,203.05,1,1,1
be03685420bb977861dda08f4b4088b3,41,1,203.03,1,1,1
687d9299d0ff57790aa49a28d7240b93,9,1,202.66,1,1,1
7c2dea308eff601163f797fa8ae8b6b0,199,1,201.90,3,3,1
4399f1c9b351d4c09e167b8ce3d8da76,38,1,201.29,1,1,1
941590fb8aef66b3a8352fe7c691879e,79,1,201.14,1,1,1
c9cc1db7d87ab8d292dca31e5f1d6d01,190,1,201.04,3,3,1
1374dc8d69e00b2749f27505a5eb4e2d,182,1,200.91,3,3,1
c639b7ee0ddefaf99a2b1c87cfcd718e,339,1,200.70,4,4,1
3d1b3afea75cda0162624725b2f53148,72,1,200.45,1,1,1
738ee47ca7799ec680527c31c73b7ef5,110,1,200.45,2,2,1
c22e68114df4519c8f5a33d490245863,117,1,199.80,2,2,1
72e9f4ec806a2086770e42e156c0e5cc,299,1,199.57,4,4,1
ee4a83704c2de0dc8266893fa5cf966b,385,1,199.52,5,5,1
d3542638a04fe72b323ad68a7f9d0685,125,1,199.27,2,2,1
e0c138a2613d7822d9ddeff3909a9c5c,114,1,199.00,2,2,1
b6658698e26b7eb7721441be5834e782,117,1,199.00,2,2,1
20ad80734927e955c16a2da4c9a3d7e1,275,1,198.91,4,4,1
7a0a841d2fc8561c75cf26923e1ab48a,288,1,198.90,4,4,1
27956b37edf38600f8631c7679daf9c2,215,1,198.66,3,3,1
d453631105ef4efe9324ff9163c93895,367,1,198.57,4,4,1
e1b5f838a5d538b1fbe3bddcf47d30bd,71,1,198.49,1,1,1
a7879b28606781a1488676b860e5b46a,214,1,198.20,3,3,1
237c219a24b6a3183a216a5ca00f6edf,410,1,198.03,5,5,1
937b4aa1130c2c975ca71c9c3679b249,304,1,197.96,4,4,1
663d5a1d3fccfad3a3c4574072794a8d,350,1,197.87,4,4,1
05db15e48c7ed44cff9dfaa4f374f3dc,136,1,197.46,2,2,1
4e6588068c000d6f539cf24c66a96816,191,1,197.41,3,3,1
da90f2535e719fd67092b67ec2541da2,10,1,197.38,1,1,1
0019e8c501c85848ac0966d45226fa1d,120,1,197.27,2,2,1
f4876c612a0aae8ca7fd40f061df9796,113,1,197.04,2,2,2
6f041ad60d1b98ad6ffa085775b93041,271,1,196.99,4,4,2
feae353ea73e765c5a5073dad8915449,292,1,196.99,4,4,2
7c74eafe37979f7cad43c4cae0769b74,140,1,196.95,2,2,2
6c4e5fafa5368d585420a705b9582df5,58,1,196.92,1,1,2
2be4b338d74b933f74f9b445e5ef0c6e,86,1,196.89,1,1,2
85dd6b4f5819c17f3694b42d01c64291,59,1,196.66,1,1,2
0f959f179a3451d6c6bca46040b52b68,237,1,196.50,3,3,2
750550f1fbf777d9383acb856bc593dd,192,1,196.46,3,3,2
87dff19086a1aa321cf06195ab40631c,433,1,196.40,5,5,2
17b94b9317f9b0102f4eace63fbb193f,419,1,196.35,5,5,2
29ed46c06126f174d4fbf76e310adbfd,313,1,196.29,4,4,2
f3fb635e8df1903c48444b195d8d4b76,180,1,196.01,3,3,2
430205ab3bd4700f1934a49b0f6c610e,358,1,195.92,4,4,2
23e5f7d84dad8339f627d75ac90e2d43,210,1,195.91,3,3,2
81db097ffce4bd958cfffeca7c41e301,215,1,195.72,3,3,2
67697f1ef23332d4be711eba56d04b4c,450,1,195.71,5,5,2
5c9ce64e6f59daa383b4b3cf25d393d3,154,1,195.63,2,2,2
67c069b1347ff0bfea48b5035a0153da,6,1,195.61,1,1,2
742d11444e35206112494bbba88ab1ae,9,1,195.56,1,1,2
e09002a1d37ff722ce6c9b44878434d5,110,1,195.55,2,2,2
50bc5b2aa6354b1f33c4d669ef551c96,490,1,195.43,5,5,2
ca331839495652e51545aff8a5c11908,229,1,195.28,3,3,2
f710c6901968ec0a8bed20d789690102,92,1,195.13,1,1,2
72b74e3ab8b2f7da203dbb50344879bb,364,1,195.00,4,4,2
0387d9f3e2a143aecdaa33644ab6658c,176,1,194.89,2,2,2
5a4d11d56c3c62e630300b2e98a4c195,515,1,194.81,5,5,2
483ccebb9c42ae89d35740fadc153835,375,1,194.48,4,4,2
b87461e6c2feb68b9124000ffe3a525f,437,1,194.38,5,5,2
1cf23763ac9e9e8d66727be259813df6,107,1,194.25,2,2,2
14bca561bdb2901e80bb20800ba4bdc0,204,1,194.12,3,3,2
8ec31beb5c890497f1872b5986d3cc26,117,1,194.11,2,2,2
ce2e0ace655301bc4a8cae4abbd8c0a2,183,1,194.10,3,3,2
829eb0feec6f6c9951cba042e10c6960,111,1,194.09,2,2,2
8275b03e3f503c419857e3ab73cefef0,274,1,194.08,4,4,2
359bacb2b5c52b4287667a7bc6c7bc63,471,1,194.00,5,5,2
755751fa93cd2d53adcd3f55b2fcab3a,8,1,193.82,1,1,2
c29b778bfd6975fc29309aa68ce952c3,364,1,193.60,4,4,2
a1874c5550d2f0bc14cc122164603713,425,1,193.50,5,5,2
958bdc0c6bc60b27b90087591064a5c9,85,1,193.19,1,1,2
5f38cc36e507c4d880489be38964af19,239,1,192.95,3,3,2
ebdcff38570e8f463f6d0d6d48f0c3ef,111,1,192.80,2,2,2
682d203efdcf95d2036a7430a8f32c96,141,1,192.68,2,2,2
0e7f8d40e42c2fe70b2115e2121bf4eb,289,1,192.14,4,4,2
3abdf4f27efce96f8573a88343a4084e,555,1,192.14,5,5,2
78130fb0014a1ecce98e7faa41b6f06e,40,1,192.03,1,1,2
602517e0d22bad1e86ec4cc2fa58a147,285,1,191.58,4,4,2
8b3f917f4307d3e5cf34c0b43d6e6f50,65,1,191.34,1,1,2
7508fcee150d3d55a1f0f2f590232de2,21,1,191.14,1,1,2
6d365ab4dcdb48ff5d4aa90305671388,80,1,190.60,1,1,2
4ac899cf4188a7f69cde48d82e0309c3,304,1,190.43,4,4,2
2ced79abf967d8e317c032eed8d66d86,35,1,190.38,1,1,2
95e3c8fd4233b735843cfa9f150ce487,284,1,190.37,4,4,2
0378d90f53fc5cc775e447e1eaff6ea3,68,1,190.33,1,1,2
967d0981ea01782db4e75741ce4c9061,216,1,189.56,3,3,2
f0a5d3542d18371f20467e53bb1e532b,205,1,189.50,3,3,2
21b8b4dbc28ebddd0fc8b50fd5a2ba55,210,1,189.37,3,3,2
68024612aa18d6e8c5278f31060dd079,113,1,189.19,2,2,2
ec6da744b820c4d98e6e74d2fee09634,147,1,189.08,2,2,2
c43b2b3018f41c39380df5b1e77769f8,113,1,189.01,2,2,2
8fbeb42e8fa02b1b0eeb50462bb017c5,475,1,188.96,5,5,2
a6e959e2d38751bed111ca4e7673409e,227,1,188.93,3,3,2
919a862b7515e8ad7dc8bfe5f9b327fa,186,1,188.62,3,3,2
dd7aad249fd4f7cf7f1dc1d42cd1b48d,430,1,188.45,5,5,2
6cbe8a392b76916e84c2faf69d0d0da0,31,1,188.41,1,1,2
a1ff94cf446464cb8e9f3b5b60309eeb,125,1,187.87,2,2,2
f48a9bdc7d38b43bba4082517ea1bc07,134,1,187.87,2,2,2
f39f8439765f730d6a6b60d2767d043d,191,1,187.73,3,3,2
92c1a23b2c64ce441ee42b3299aca206,286,1,187.65,4,4,2
b643c19d91a65d73f94ba8e037668986,230,1,187.43,3,3,2
71cc49dcc859ef150badb7ae623b6b96,379,1,187.43,5,5,2
ced1416fc6e0276033a69ead27de0ccc,28,1,186.95,1,1,2
f8b92214fbeac3a143e52c61c9b4f979,254,1,186.85,3,3,2
a073c8fcbfa7ae775d613d19816f2b1d,269,1,186.82,3,4,2
a5931be4783e1a1dfbda5c6e145d96bb,26,1,186.76,1,1,2
c02e98da303c4da78da40f76952a187d,292,1,186.70,4,4,2
37dca259ef64c1aa8a42868915ec7309,449,1,186.56,5,5,2
d33eeadf54cb883e79be640f38c32cdc,212,1,186.27,3,3,2
b26517697abc966b9d0547f53ccccbe6,65,1,186.10,1,1,2
57501a49368ff3a72d1eea2b0d2a5519,214,1,185.94,3,3,2
eac4081f1bffeed8e8daf373c384af34,278,1,185.86,4,4,2
a10b49b8e43355b8804f79c3a01a5277,228,1,185.56,3,3,2
944a3eacbae592a23be282b9858d78b6,44,1,185.28,1,1,2
64f66f9fb3f3c522e310821c0d67fc89,30,1,185.18,1,1,2
f4fd7e1941a0bdd0751f1e6c399fd496,142,1,184.59,2,2,2
b73e6c904a3bb974a0ca8ec828751fc2,348,1,183.86,4,4,2
cf7e1fdabd7d79ba731b94344e51b657,438,1,183.85,5,5,2
99798150431ad173fa5e31d53ff08a7a,278,1,183.73,4,4,2
986bbef397a31081e35344fcb2c7fb24,274,1,183.56,4,4,2
af6b21c9181eabecde4974b9f2752828,236,1,183.40,3,3,2
11a3ebf9df2955bc0963bc4b6c629086,399,1,183.38,5,5,2
6e94cdf4b593972f9d558b3d0c036851,104,1,183.13,2,2,2
0087c31081ea8d160baa06bf4ad4d76f,68,1,183.05,1,1,2
507cff4bb2b1f277f32e98042c2eacef,99,1,183.00,1,1,2
18ad234ff8ab86b33af5664c97e0712a,232,1,182.61,3,3,2
8709b0d548e315324d624ec70ba34a68,252,1,182.36,3,3,2
7ad04c71bfca958e6f2ec44bce34e2da,23,1,181.87,1,1,2
e6041842e5af71d387c8950f0da6f180,279,1,181.81,4,4,2
0258cd3b5e7c4b397cc09ea472677e73,220,1,181.76,3,3,2
fb48b86d9a78b53675c121e4ec8981ed,691,1,181.59,5,5,2
c4a921c9c92f5f6ec0f5d16d9699c849,307,1,181.55,4,4,2
1f5d76d001fbafd4fe83dd4ad655507a,165,1,181.52,2,2,2
3300d15602bbdfa988f7f5958cbd7457,464,1,180.77,5,5,2
68baebb3102cf89a3f2979019e77fb54,107,1,180.68,2,2,2
69df6389e17a3ad6ce1c4a1b7fcf2d99,346,1,180.60,4,4,2
b7cbeeeaa9007a7717c85bede2677ca6,274,1,180.55,4,4,2
16f26d53c711c38cdc674c8d3dc0bb05,278,1,180.40,4,4,2
b1f9c3dc60cf615d94760ef1f7356c22,261,1,180.35,3,3,2
8e02f2db173adfe360ad90294cf5d412,142,1,180.22,2,2,2
589e8441e1957f2c027af0f7b11a2da3,118,1,179.99,2,2,2
52fc446155bc2a278dbaa6695e3c06c6,28,1,179.90,1,1,2
a68d6423acbccbd710490c25327f1fdc,284,1,179.90,4,4,2
835019738f3ba3c7c85fb00d0a9638d2,177,1,179.76,2,2,2
db29571fb751833b8e3d9733d8a93000,75,1,179.22,1,1,2
3a653a41f6f9fc3d2a113cf8398680e8,21,1,179.12,1,1,2
166ec5dd3ecbfd90e6f4b58e37c73623,24,1,179.12,1,1,2
a126181f98c5f1ec6e3d8740f47832d6,172,1,179.04,2,2,2
a02520120cbe8000d14e4cbc35f703f4,123,1,178.94,2,2,2
7d84470691342ca6eeef041506aa4422,289,1,178.92,4,4,2
e60599551efd9a16671ddf0668aea5f1,334,1,178.78,4,4,2
1f7dc38d123a145e63608b9825f615ba,186,1,178.72,3,3,2
4ef1b904f1f96de8003c5982e1201815,330,1,178.64,4,4,2
eebbddafadac7e478032d6aba18ec6d4,268,1,178.34,3,3,2
6654462d0d3266165aaa7028d4d35005,190,1,178.27,3,3,2
76321c93cd7cca17c976619ee0b06061,91,1,178.20,1,1,2
c25f3c70f8c8db6d2a7fb16fc8459597,574,1,177.54,5,5,2
c68855ac94665e5eab3cac9f31acb10f,378,1,177.48,5,5,2
041397b7bed1e0b64cc8df9e4a761873,458,1,177.44,5,5,2
89d9a5f6c5538b8fe797f4f5b6769008,148,1,177.44,2,2,2
1076879cc2d46bfe7dd195cb9efa854f,197,1,177.42,3,3,2
94f1230c44435fe9001ce30f1fe06135,41,1,177.11,1,1,2
ea71048df5b452439eab6a6a0b56069a,372,1,176.82,4,4,2
94e89532396b3c02f648b2bc7f93f528,257,1,176.78,3,3,2
4e15fee963523774998876e3624952f4,23,1,176.59,1,1,2
f79d2f710af349c8d0a6323b0c7592fe,27,1,176.38,1,1,2
2fc52fef0a1c1728afa6327e0b90c57c,189,1,176.33,3,3,2
c589ce4c653991c65f29b41c74d50374,262,1,176.33,3,3,2
38bfe8e3b53678fc301fcb2282176ab1,247,1,176.16,3,3,2
f00aa1cfc257dfff20184269b19db923,172,2,175.96,2,1,2
9fb020faa1dfc7cc66b648e6a8ef0ca0,11,1,175.86,1,1,2
9263a6fc47a37b8b71cecfeb1defda4a,39,1,175.86,1,1,2
7adb8d1197f85b403246c5c03fd3d221,80,1,175.77,1,1,2
285ac32a83fba63840f4c5157cd64c40,223,1,175.77,3,3,2
236d9e12729d52e2b44306506a06f8ef,314,1,175.77,4,4,2
7c6b7c4c43e1e00dd66ec245985397b1,366,1,175.77,4,4,2
a87e9657be1c58f418a0e3de07ae6a71,189,1,175.56,3,3,2
8af6d959c838339fd4f62435e44b1fb5,318,1,175.27,4,4,2
0566eb08d5fd8bb33308595daa60035f,279,1,175.25,4,4,2
d399fa2119d7420b2b03e33536b7f549,149,1,175.13,2,2,2
323c4e9d78f774df9255793377ce636e,142,1,175.10,2,2,2
7be63f0ed4d9c76ed55844021da8d5e5,155,1,175.08,2,2,2
daefb889f38f3b8b82e2b467a6a024e8,119,1,174.97,2,2,2
45ca2b8a047054e858fa92a2a09bdd59,107,1,174.72,2,2,2
b4f36e3de7babd2a14f4a8d4a21d1eb7,94,1,174.42,1,1,2
3d5af65316fc29ef1244b3e8fc395e0a,78,1,174.13,1,1,2
647456ac3316ea51f120e3a3c8f8a7ac,47,1,174.09,1,1,2
479346aff25d6c68b88e2927769b94d3,128,1,173.90,2,2,2
e79e1a72ae3be0874ceaed13900757a8,171,1,173.88,2,2,2
1fa9b1d14629ef237e0b2f570030df90,332,1,173.84,4,4,2
a1e9a193ccd1e020f61f4ffeb0d20efe,235,1,173.82,3,3,2
d664dbfc7f2860095fc9da34a8615106,307,1,173.82,4,4,2
7ca7d05c3739c2094a9e6d508877cd12,161,1,173.80,2,2,2
8d813623d087eb606d41369887bfe0d3,237,1,173.62,3,3,2
e8a7165667b5a473e0b04dae68d6b88d,137,1,173.59,2,2,2
fbb97973142894c3265d06e676820c5a,435,1,173.33,5,5,2
2e642fa075db8661dab42c957cfe6290,190,1,173.27,3,3,2
46b2b6698ce167edda3918abe810466d,218,1,172.84,3,3,2
71e324d4444cbd2ce5e61fa48dd434cf,344,1,172.52,4,4,2
2e1f3fdeb2649124382aba29f48b941d,331,1,172.40,4,4,2
1682bd1183762bcdff292a75f4523452,237,1,172.39,3,3,2
4ebfd10a85099b098816cbbca0604b59,150,1,171.87,2,2,2
0ff5b872dfd979e7d23064973ec52e5b,199,1,171.84,3,3,2
4211dcafb715e60bb929a44d3e4951a2,125,1,171.62,2,2,2
d060480eea297c26aca01bbd55b2805a,264,1,171.44,3,3,2
8d46223c91cbeb93e0930ca8bd8ffca2,276,1,171.32,4,4,2
932be2b0f01a39dfb24c2af8299a6e80,38,1,171.30,1,1,2
beceaa52fb2f761e647222b3cf7ce0b2,526,1,171.26,5,5,2
9883b261732b8f3e389e6b2e66e3898c,475,1,171.04,5,5,2
efc58ec022b8ccef70b3218b74b0fd7e,77,1,171.01,1,1,2
df5ff0c899dd19ed568e3e0f716cbe20,181,1,170.76,3,3,2
e4c027c785dad2335ef0224ab5bad8d4,219,1,170.71,3,3,2
b577af9a54b023b4bcc51f69bb937f1c,196,1,170.43,3,3,2
f053e082c3563fa331d4cd0c5d8ec177,108,1,170.33,2,2,2
406c403a3a24a8ab043b84bca52eb343,172,1,169.87,2,2,2
e25a36b02a88228100e0d0e53d845777,194,1,169.56,3,3,2
4c0aa4a0808110794130a1735a751aea,107,1,169.51,2,2,2
7f0b669932ffd8ac97d38b4dec098e47,188,1,169.49,3,3,2
4a56c5864ec9c27869d80d07115ff36c,70,1,169.30,1,1,2
7a71ca03472864732dfcb00aa70b42f3,348,1,169.11,4,4,2
7236dee958fe8db7b71ae8858c07640e,28,1,169.05,1,1,2
40d2c60699feb0f855b666366f8274ff,147,1,168.93,2,2,2
12059728f4c2a99b03dfff3756610fc5,18,1,168.85,1,1,2
b1a24cdf73b449d0b8b2b0b5ab183aa6,210,1,168.52,3,3,2
31bd5704afe103b06cb312b751525e47,419,1,168.45,5,5,2
20f645e96192149f3af6b61d3f95a14f,324,1,168.40,4,4,2
d105a60a6dee61fad9cb8b0e649a49ad,281,1,168.35,4,4,2
c2551ea089b7ebbc67a2ea8757152514,459,2,168.22,5,1,2
08142acc8309337e9dfd631c5f41da27,251,1,168.20,3,3,2
91db3ef8bc640ebbab0b287d9bfea72a,262,1,168.20,3,3,2
6a2c39f27e5c40a4d2a0cd94aeb8c925,215,1,168.18,3,3,2
2abd0f22de522dbcc7adc9ba8982e406,110,1,167.97,2,2,2
2c5100ebe43494cc2e7c912d5366f253,182,1,167.60,3,3,2
eaee80ca87b183f22bca9bbfa8ab0928,309,1,167.51,4,4,2
8ec5cd31c230817837925dd75bc74eed,181,1,167.36,3,3,2
7b3c495cf64be8aa76ab93188c3dc386,107,1,167.31,2,2,2
b3eb319b1c87a2f872261043e3d72494,409,1,167.29,5,5,2
affff75a131ac35c7afd497ab57a6337,428,1,167.20,5,5,2
5d9a8a6c059280f7d8dab99e2d025a28,243,1,167.07,3,3,2
980097869b622b2054accc551ed1c86f,282,1,167.00,4,4,2
4a523acb002d650ef0738916f939df50,156,1,166.92,2,2,2
ce2e2a8c4706ae863641bf507ed6d2f7,352,1,166.87,4,4,2
10936b5134f21f582fbc02f383d76572,518,1,166.70,5,5,2
e69c664cef877ebf383baaad71573e5e,192,1,166.67,3,3,2
59c8a5cd77084bf4691e712de2d68213,150,1,166.59,2,2,2
35049c7d85f6a53ad59d8cd5d3f8d134,81,1,166.41,1,1,2
2968cb453924e6c2381a1f4320c50e94,35,1,166.35,1,1,2
1b6c7548a2a1f9037c1fd3ddfed95f33,196,1,166.19,3,3,2
ae9ae5072fe8d5b2a1f7072a833f0afc,183,1,165.96,3,3,2
f32cdbbeca0aba5358bddc018dd12b09,135,1,165.83,2,2,2
2305772047db5a4a72a020bc1b759c61,126,1,165.80,2,2,2
295e9c54b2bf6eef2eaf468e80788bc4,181,1,165.80,3,3,2
da3f63d7531fe712a6b3cf5699530a2f,205,1,165.80,3,3,2
85c8172f9352ed5b515ae8cfe0315bfa,154,1,165.55,2,2,2
bd84ecd29495e3aa78cf6491ee2e91af,186,1,165.48,3,3,2
d2613132231b8adb041da8099d5ae2f9,286,1,165.48,4,4,2
b0227107dc3db57d38d11a09273327ce,411,1,165.48,5,5,2
344fecfc1b158f40bd95550e62547fda,207,1,165.40,3,3,2
8c81d87b1a876ac44f968c7f112501f5,344,1,165.03,4,4,2
d8a9bfab9cd88fe5e21d4acf8936fd35,125,1,164.99,2,2,2
1b7ac802721f14d25a06a4fe3273a0ba,527,1,164.40,5,5,2
979243d8d465d002397d1e5febd19a31,47,1,164.32,1,1,2
e927c84f4df4da16a912d38be0b63da4,81,1,163.98,1,1,2
0be7af6c16fbca7eff244788f89146a3,156,1,163.79,2,2,2
b26fa76ddf33e534491e4ec46f51bc64,380,1,163.72,5,5,2
93efbb67e62b113be8bd07519b65545a,230,1,163.70,3,3,2
463d8425827e81d905edf86f9c231eef,84,1,163.69,1,1,2
8e718a060f48d750bf347cc6363efa1a,245,1,163.69,3,3,2
8ec49be0447d11c4deb5fcdcf43407cc,296,1,163.69,4,4,2
6f7c6c8b6f6589599907dae484d21d54,18,1,163.68,1,1,2
44f4b8254709fb130159912889ae1ba4,220,1,163.68,3,3,2
bc82228a4f5fceba5b14a04cb7b4591b,484,1,163.50,5,5,2
3f8f42bd3277d3483aafe9b39cf930a1,82,1,163.47,1,1,2
a2979436ea8e2cadacb6bd64e8b37d9b,111,1,163.45,2,2,2
a30b63f11db2462bb08dde430a2951ab,329,1,163.39,4,4,2
ba16203bf127db33e6b3d5bf70506473,243,1,163.25,3,3,2
e43bc7bbe7b392fe9e923e936524ef5e,291,1,163.22,4,4,2
8fbfbef81eb19dbfa1f6ba6bf5924e4b,136,1,163.13,2,2,2
61ba9300de4f65dacf5282ad4aa3720d,237,1,163.06,3,3,2
4c250c90bedbbfa9a85ac59143f09f55,448,1,162.86,5,5,2
0f0891bce8c3efed9ec2e5a9bcb1aeb3,195,1,162.65,3,3,2
ce6932a8f9402aa406573c59594f2ae0,56,1,162.63,1,1,2
4c49f71bf9f69f1396223ee87e07f726,228,1,162.55,3,3,2
17ead611df481240faa3e00afb8560a0,179,1,162.51,2,2,2
a1c9e7522405de9c5067d4bf53fd627c,61,1,162.50,1,1,2
fcf2ba2ef07129a980503bbbd46168e7,118,1,162.48,2,2,2
29d72fba272ad06ed0b2ac6351da042f,99,1,162.30,1,1,2
ea870f4fdfd85ac98ab775b76efe3143,264,1,162.25,3,3,2
993ee523f5ef786892a3d1166ba05238,111,1,162.19,2,2,2
feae7ffdb1899fb29dc34b1ff3f9b5b5,283,1,161.77,4,4,2
a0f7b767e9567e75fe3f960cc6a6bd61,383,1,161.54,5,5,2
2f97fb04ba09cfa05b9e3b3af4e8e247,285,1,161.30,4,4,2
daaf7866693b57dfa2f4c68329073801,568,1,161.08,5,5,2
4b154e0720d0923cee4489015af0f662,36,1,161.01,1,1,2
b6318d1c456eb83aac281649628c6bb2,194,1,160.86,3,3,2
1a3eefe727f7fb12267714f60060fa91,36,1,160.79,1,1,2
91802c6ba3172df9371817c1387ec0c5,190,1,160.51,3,3,2
807241193998f88941b5e369c762b9b7,287,1,160.45,4,4,2
ec7f1811826ab04a27a92197bc40c888,282,1,160.40,4,4,2
43f0b8fa25a050c02dc18e166ed574ef,400,1,160.40,5,5,2
af59ff749e92b5cca826883683b7b63e,377,1,160.36,5,5,2
10f006edad785c00408b94ddc19a8b52,193,1,160.17,3,3,2
0d8b6f37ce56eb5679cf690b59318b4c,17,1,159.95,1,1,2
c737d186320af1b0b2a3f107abaffe9c,29,1,159.94,1,1,2
b5ccc57b179210bda569df984bdf7df3,581,1,159.94,5,5,2
373786bde5ab151a86c6c3f4446f9b10,446,1,159.56,5,5,2
27f610da50d98eb94f1f0745606bc9f1,492,1,159.47,5,5,2
637c2caca17c2bf9fe41e50a6fcec9ed,201,1,159.30,3,3,2
942ed195aa3c523f71b03bbbe9accc2b,263,1,159.26,3,3,2
62bc80a87f8fd6a0ec196436009e0f8b,484,1,159.25,5,5,2
1b0843d4f653e7301b596757fed2179d,146,1,159.13,2,2,2
01838e7d69d87bd8ff2b6ff06789adfb,585,1,159.11,5,5,2
a4031c5f35399c228a1cd7ed7431fd02,57,1,159.07,1,1,2
7e3b6916cdc9629811177f17f7ab07ce,3,1,158.97,1,1,2
48e8d93c6ed6a8df94e24f4cd188d154,106,1,158.88,2,2,2
f2cdfb7646bb6ac5d5ac8021c52dd8b6,28,1,158.73,1,1,2
3d304df5973262bf91bd0d197571e4b9,61,1,158.59,1,1,2
d9ffaef986305a5a589b198d8568f211,295,1,158.52,4,4,2
d106c6af3ba4ed2f44fcc82be618dd80,120,1,158.45,2,2,2
adfa74df17c1758b5ada5220b717806a,304,1,158.25,4,4,2
8131bd36a12397d16fdc61fb8cdb0132,254,1,158.13,3,3,2
b2a6c72206db8783c8cd128885eb262d,466,1,158.04,5,5,2
903fccb1294b588a6c82921ca23acd0d,577,1,157.99,5,5,2
8ca35d717618d907babff962da6c5484,124,1,157.91,2,2,2
7c9f20c08a4bc9d2e7337e87e29de2f2,26,1,157.79,1,1,2
ebd29227edeb5b2661cc8dbeeaeacf60,190,1,157.55,3,3,2
5098a0313c0a6e4566a3d17151d54ebc,126,1,157.54,2,2,2
eafdb06906a4d6764948319c9e722e26,114,1,157.45,2,2,2
98f314d32dfef1780dcb6a6dc3d81413,44,1,157.24,1,1,2
5b393d31d0c95acec0bc78472596d668,306,1,157.22,4,4,2
c35101ebb38317f41ffd9936ceaf8e09,21,1,157.11,1,1,2
e22c7e55a547f8d9bc30d2957ba1c9c5,579,1,157.00,5,5,2
1e17c906173cbf94c518102351573fac,470,1,156.87,5,5,2
60c1d12c4160d4f1c05c841a8173d458,135,1,156.85,2,2,2
3e026dabdf68f6b9957ed741f364f1be,53,1,156.84,1,1,2
6a9e15d6fa8ce1cabf193c21aa577f64,24,1,156.83,1,1,2
4669d94e1e35f2493af76862ff85beba,66,1,156.73,1,1,2
a692e44c6c28b092fcdbda898ec15965,275,1,156.73,4,4,2
47e8ef9d4dbc59ab98422f3a07f6865a,26,1,156.70,1,1,2
8b37f67cf9db5f1af2a42f64e41e45d2,263,1,156.53,3,3,2
7e951ae967a7acd00fbb3159346ad0f4,395,1,156.45,5,5,2
fb04537252647002e3fc677c818812b1,320,1,156.44,4,4,2
38af56df02d66ad92f55b4430c2af9ca,351,1,156.23,4,4,2
82fcbfcf8fcccb37a3e162dcab646718,278,1,156.15,4,4,2
36f9e46454f8819f18b8cc1694c21a62,138,1,155.99,2,2,2
4a4a08689d530c0fec717a4163370d16,40,1,155.98,1,1,2
ffe9be10b9a58c5464d833e8b1b2c632,275,1,155.73,4,4,2
cd9572a2e854df312b6ebcf7e4863352,357,1,155.65,4,4,2
ce42c564a495510b4c3231c6f4443d84,361,1,155.46,4,4,2
99f795fe81425dadda5f35f1f8f443f2,496,1,155.40,5,5,2
ff5f0e6c9223056cd0e65b534856f5d0,308,1,155.14,4,4,2
44dd5e255cad61516acbd97a76d61367,25,1,155.03,1,1,2
8435888e6fe36391280b28b89412fabf,408,1,154.76,5,5,2
8c52f6be11b2c9c54a51d79e23e214df,314,1,154.63,4,4,2
49c5ef1f262be01b80383cd169a74cc2,139,1,154.58,2,2,2
83aba9785dbb2e81044c9da5fa9e740c,159,1,154.58,2,2,2
f64defe83f071b017b6215c2aab39aff,70,1,154.23,1,1,2
54f9ecaef9bf186a35524e390e2c2ceb,408,1,154.14,5,5,2
75ecb9c8cdcf92cb5d6eced1ed5dc44f,532,1,154.14,5,5,2
beb6f9fd570947c43749a143f370ebe4,563,1,154.14,5,5,2
0cf298709182f431d7a2e59b730a6f13,462,1,154.07,5,5,2
b305ead9694a97627d794d5550c00c7e,293,1,153.90,4,4,2
4acce2834231e13b1514915adda5ec2b,468,1,153.72,5,5,2
32feb5b7a73eee84aec157fcef63bd15,220,1,153.50,3,3,2
84032c13e75382a35c99ae73156b30b9,358,1,153.20,4,4,2
e2ca9c67725cb7205986dd3a5bcb9c7b,366,1,153.20,4,4,2
95258696e00ac71640c49bf140e86620,18,1,153.16,1,1,2
b08151a30ac8321a74af864d51aa27cb,71,1,153.10,1,1,2
70167d9510c6f54bd29bbffd0f4d9e90,458,1,153.06,5,5,2
768015096b412b9cab4b52ffc05ff059,141,1,152.72,2,2,2
154e1a18d4356adc890d517ae349146a,278,1,152.48,4,4,2
378c702fe06f37937a5fb0253f8493d0,420,1,152.34,5,5,2
38fb5f8b5cffb733ba60c32cbb6e80f3,224,1,151.90,3,3,2
6e620488162fe1129d32f26b751d770a,335,1,151.90,4,4,2
faec2bb5c3f1bf0e6e17ef8ee96a2ea0,215,1,151.60,3,3,2
a1d02d8e96f1691603036bfcad4df844,88,1,151.40,1,1,2
f66d98aa3e6348778571d4fa29fb428d,190,1,151.37,3,3,2
726a6433feab4f321c62cd704e451ca3,295,1,151.26,4,4,2
acc0e3b063cb014e3ef92b08b5836bcf,15,1,151.04,1,1,2
79c3ef46b89f10777f5604a5e1ee22b5,378,1,150.97,5,5,2
8e6b5c75948260e7bd1ae31974379f7b,119,1,150.92,2,2,2
b0dfdc982b3c158fdf0c6327dd9325a0,277,1,150.87,4,4,2
4e1b7eb1a8a53ae50b1bf9af20d0bbf1,147,1,150.83,2,2,2
38933a82e1ea290b1d558b9beaaae811,227,1,150.70,3,3,2
eb17a45cc9586bc95b8ea855d83e7b6f,221,1,150.60,3,3,2
38b8752d745e01a425f8df47f7b2f57d,21,1,150.54,1,1,2
9f209af49a8a6e3383f55c0eda2e705b,40,1,150.37,1,1,2
9b390e923bbf7e3edc2bcb93d8707355,153,1,150.21,2,2,2
8ec9e01dc8cbd31897a2f2116c5fbae4,183,1,150.17,3,3,2
1a2ede4e787ad199c46719ecb02d81ea,12,1,150.12,1,1,2
fae8e2a6ad5578e55fc3bd34e1616ca2,17,1,150.09,1,1,2
0c525576779c3eea24bb2688e0a2a298,285,1,150.08,4,4,2
167040a8dd876261cf0b47cf9945322b,122,1,149.86,2,2,2
d54fd2964149aef739006faeaddb12ad,37,1,149.81,1,1,2
4a295ab76c9031a2e9bec87d89268c27,94,1,149.65,1,1,2
a8f33ec1604be25d407c4239cab35fe4,399,1,149.59,5,5,2
5bd6c03585f70d7c822c736ccaa053ad,536,1,149.51,5,5,2
bb706038577b066ad96cf29a29beefec,238,1,149.16,3,3,2
2d38f064a1ddd82c8c14beadb7bf0c38,255,1,149.14,3,3,2
